{"stat.walkOneCm":17522,"stat.useItem.minecraft.stone_slab":9,"stat.useItem.minecraft.chest":13,"achievement.openInventory":25,"stat.leaveGame":3,"stat.useItem.minecraft.cobblestone":13,"stat.useItem.minecraft.furnace":7,"stat.useItem.minecraft.hopper":12,"stat.flyOneCm":193717,"stat.jump":59,"stat.playOneMinute":14520,"stat.crouchOneCm":164,"stat.timeSinceDeath":14520,"achievement.mineWood":1,"stat.useItem.minecraft.dirt":4,"stat.sprintOneCm":1730,"achievement.exploreAllBiomes":{"value":0,"progress":["ForestHills","Beach","Forest","River","Ocean","Plains"]}}