{"stat.walkOneCm":10977,"stat.pickup.minecraft.sign":1,"stat.useItem.minecraft.stone":3,"stat.pickup.minecraft.repeater":14,"stat.leaveGame":2,"stat.drop.minecraft.redstone":2,"stat.flyOneCm":67659,"stat.drop":3,"stat.jump":89,"stat.swimOneCm":1149,"stat.playOneMinute":12249,"stat.climbOneCm":57,"stat.sneakTime":120,"stat.pickup.minecraft.redstone":6,"stat.timeSinceDeath":12249,"stat.useItem.minecraft.stone_button":1,"stat.sprintOneCm":1060,"stat.pickup.minecraft.ladder":3,"stat.diveOneCm":534,"stat.drop.minecraft.wooden_axe":1}